{"cameraMode":{"drawMode":0,"name":"Shaded","section":"Shading Mode"},"sceneLighting":true,"audioPlay":false,"sceneViewState":{"showFog":true,"showMaterialUpdate":true,"showSkybox":true,"showFlares":true,"showImageEffects":true,"showParticleSystems":true},"in2DMode":false,"pivot":{"x":-1.8898284435272217,"y":1.1565330028533936,"z":-4.979078769683838},"rotation":{"x":0.12662962079048158,"y":0.114556223154068,"z":-0.014721522107720375,"w":0.9852030873298645},"size":-0.5171314477920532,"orthographic":false}