{"cameraMode":{"drawMode":0,"name":"Shaded","section":"Shading Mode"},"sceneLighting":true,"audioPlay":false,"sceneViewState":{"showFog":true,"showMaterialUpdate":false,"showSkybox":true,"showFlares":true,"showImageEffects":true,"showParticleSystems":true},"in2DMode":false,"pivot":{"x":-1.9343681335449219,"y":0.8163213729858398,"z":1.2148326635360718},"rotation":{"x":-0.20670543611049653,"y":-0.6610126495361328,"z":0.19689393043518067,"w":-0.6939509510993958},"size":11.380539894104004,"orthographic":false}