{"cameraMode":{"drawMode":0,"name":"Shaded","section":"Shading Mode"},"sceneLighting":false,"audioPlay":false,"sceneViewState":{"showFog":true,"showMaterialUpdate":false,"showSkybox":true,"showFlares":true,"showImageEffects":true,"showParticleSystems":true},"in2DMode":false,"pivot":{"x":0.4621407985687256,"y":0.9952681064605713,"z":0.7676371335983276},"rotation":{"x":-0.13158036768436433,"y":-0.2890135943889618,"z":0.04013875499367714,"w":-0.9473894238471985},"size":2.336709499359131,"orthographic":false}